Workbook
Name 기준일: #REF!
Name 기준일: #REF!

Sheet 가결산전표
B2: 근거규정 | C2: 벤처투자조합 등록 및 관리규정 제3장 벤처투자조합 회계처리기준 이하 제23조(벤처투자회사 등록 및 관리규정 준용), 제24조~제30조
C3: 벤처투자회사 등록 및 관리규정
C5: 차변 | E5: 대변 | G5: 적요
B6: 일시 | C6: 계정과목 | D6: 금액 | E6: 계정과목 | F6: 금액
B7: 45735 | C7: MMDA | D7: 600000000 | E7: 출자금 | F7: 600000000 | G7: 출자금 납입
B8: 45735 | C8: 미지급금 | D8: 100000000 | E8: 미지급금 | F8: 100000000 | G8: E-우리은행
B9: 45735 | C9: 미지급금 | D9: 11000000 | E9: 미지급금 | F9: 11000000 | G9: E-기업은행
B10: 45735 | C10: 미지급금 | D10: 300000000 | E10: 미지급금 | F10: 300000000 | G10: E-우리은행
B11: 45736 | C11: 회계감사수수료 | D11: 1155000 | E11: MMDA | F11: 1155000 | G11: 회계감사수수료
B12: 45737 | C12: 미지급금 | D12: 999957000 | E12: 미지급금 | F12: 999957000 | G12: NH증권수탁
B13: 45739 | C13: MMDA | D13: 234446 | E13: MMDA이자 | F13: 234446 | G13: MMDA이자
B14: 45741 | C14: 미지급금 | D14: 150000000 | E14: 미지급금 | F14: 150000000 | G14: E-우리은행
B15: 45742 | C15: MMDA | D15: 900000000 | E15: 출자금 | F15: 900000000 | G15: 출자금 납입
B16: 45742 | C16: 미지급금 | D16: 16500000 | E16: 미지급금 | F16: 16500000 | G16: E-기업은행
B17: 45742 | C17: 미지급금 | D17: 450000000 | E17: 미지급금 | F17: 450000000 | G17: E-우리은행
B18: 45744 | C18: 미지급금 | D18: 1499925000 | E18: 미지급금 | F18: 1499925000 | G18: NH증권수탁
B19: 45747 | C19: 미지급금 | D19: 63012492 | E19: 미지급금 | F19: 63012492 | G19: NH증권수탁
C76: 차변 | E76: 대변 | G76: 계정잔액
A77: 총기간 | B77: 계정별잔액(SFP) | C77: 현금및현금성자산 | D77: =SUMIF($C$7:$D$73,C77,$D$7:$D$73) | E77: 현금및현금성자산 | F77: =SUMIF($E$7:$F$73,E77,$F$7:$F$73) | G77: =D77-F77
C78: 투자사채 | D78: =SUMIF($C$7:$D$73,C78,$D$7:$D$73) | F78: =SUMIF($E$7:$F$35,E78,$F$7:$F$35) | G78: =D78-F78
C79: 투자주식 | D79: =SUMIF($C$7:$D$73,C79,$D$7:$D$73) | F79: =SUMIF($E$7:$F$35,E79,$F$7:$F$35) | G79: =D79-F79
E80: 출자금 | F80: =SUMIF($E$7:$F$73,E80,$F$7:$F$73) | G80: =D80-F80
C81: 미지급비용 | D81: =SUMIF($C$7:$D$73,C81,$D$7:$D$73) | E81: 미지급비용 | F81: =SUMIF($E$7:$F$73,E81,$F$7:$F$73) | G81: =D81-F81
A83: 총기간 | B83: 계정별잔액(IS) | C83: 관리보수 | D83: =SUMIF($C$7:$D$73,C83,$D$7:$D$73) | F83: =SUMIF($E$7:$F$11,E83,$F$7:$F$11) | G83: =-D83-F83
C84: 감사수수료 | D84: =SUMIF($C$7:$D$73,C84,$D$7:$D$73) | G84: =-D84-F84
C85: 수탁보수 | D85: =SUMIF($C$7:$D$73,C85,$D$7:$D$73) | F85: =SUMIF($E$7:$F$11,E85,$F$7:$F$11) | G85: =-D85-F85
D86: =SUMIF($C$7:$D$35,C86,$D$7:$D$35) | E86: 이자수익 | F86: =SUMIF($E$7:$F$73,E86,$F$7:$F$73) | G86: =-D86-F86

Sheet SFP
E1: 전기값복사 | F1: 전기값복사 | G1: 전기값복사 | H1: 전기값복사 | I1: 전기값복사 | J1: 전기값복사 | K1: 전기값복사 | L1: 전기값복사 | M1: 전기값복사 | N1: 전기값복사 | O1: 전기값복사 | P1: 전기값복사 | Q1: 전기값복사
E3: 기준일 | F3: 기준일 | G3: 기준일 | H3: 기준일 | I3: 기준일 | J3: 기준일 | K3: 기준일 | L3: 기준일 | M3: 기준일 | N3: 기준일 | O3: 기준일 | P3: 기준일 | Q3: 기준일 | R3: 기준일
E4: 45657 | F4: 45688 | G4: 45716 | H4: 45747 | I4: 45777 | J4: 45808 | K4: 45838 | L4: 45869 | M4: 45900 | N4: 45930 | O4: 45961 | P4: 45991 | Q4: 46022 | R4: 46053
B5: 1 | D5: 유동자산 | E5: 1011026708 | F5: 1010565450 | G5: 522032230 | H5: 1499313892 | I5: 502436498 | J5: 102513302 | K5: 38486854 | L5: 38490118 | M5: 38493070 | N5: 37396688 | O5: 190432707 | P5: 190455686 | Q5: 1877849 | R5: =R6
D6: 당좌자산 | E6: 1011026708 | F6: 1010565450 | G6: 522032230 | H6: 485717184 | I6: 502436498 | J6: 102513302 | K6: 38486854 | L6: 38490118 | M6: 38493070 | N6: 37396688 | O6: 190432707 | P6: 190455686 | Q6: 1877849 | R6: =R7
D7: 현금및현금성자산 | E7: 1011026708 | F7: 1010565450 | G7: 522032230 | H7: 485717184 | I7: 502436498 | J7: 102513302 | K7: 38486854 | L7: 38490118 | M7: 38493070 | N7: 37396688 | O7: 190432707 | P7: 190455686 | Q7: 1877849 | R7: =가결산전표!G77
B9: 2 | D9: 창업투자자산 | E9: 0 | F9: 0 | G9: 1500000000 | H9: 0 | I9: 5499882000 | J9: 5899881600 | K9: 5899881600 | L9: 5899881600 | M9: 5899881600 | N9: 5899881600 | O9: 7199641600 | P9: 7199641600 | Q9: 8519200880 | R9: =R10
D10: 투자실적자산 | E10: 0 | F10: 0 | G10: 1500000000 | H10: 3999882000 | I10: 5499882000 | J10: 5899881600 | K10: 5899881600 | L10: 5899881600 | M10: 5899881600 | N10: 5899881600 | O10: 7199641600 | P10: 7199641600 | Q10: 8519200880 | R10: =R12+R11
D11: 투자주식 | E11: 0 | F11: 0 | G11: 0 | H11: 2499882000 | I11: 2499882000 | J11: 2899881600 | K11: 2899881600 | L11: 2899881600 | M11: 2899881600 | N11: 2899881600 | O11: 3699641600 | P11: 3699641600 | Q11: 5019200880 | R11: =가결산전표!G79
D12: 투자사채 | E12: 0 | F12: 0 | G12: 1500000000 | H12: 1500000000 | I12: 3000000000 | J12: 3000000000 | K12: 3000000000 | L12: 3000000000 | M12: 3000000000 | N12: 3000000000 | O12: 3500000000 | P12: 3500000000 | Q12: 3500000000 | R12: =가결산전표!G78
B14: 3 | D14: 경영지원자산 | E14: 0 | F14: 0 | G14: 0 | H14: 0 | I14: 0 | J14: 0 | K14: 0 | L14: 0 | M14: 0 | N14: 0 | O14: 0 | P14: 0 | Q14: 0 | R14: 0
D15: 운용투자주식 | E15: 0 | F15: 0 | G15: 0 | H15: 0 | I15: 0 | J15: 0 | K15: 0 | L15: 0 | M15: 0 | N15: 0 | O15: 0 | P15: 0 | Q15: 0 | R15: 0
D17: 비유동자산 | E17: 0 | F17: 0 | G17: 0 | H17: 0 | I17: 0 | J17: 0 | K17: 0 | L17: 0 | M17: 0 | N17: 0 | O17: 0 | P17: 0 | Q17: 0 | R17: 0
B19: 4=1+2+3 | D19: 자산총계 | E19: 1011026708 | F19: 1010565450 | G19: 2022032230 | H19: 1499079446 | I19: 6002318498 | J19: 6002394902 | K19: 5938368454 | L19: 5938371718 | M19: 5938374670 | N19: 5937278288 | O19: 7390074307 | P19: 7390097286 | Q19: 8521078729 | R19: =R5+R9+R14
B21: 5 | D21: 유동부채 | E21: 692465.75 | F21: 692466 | G21: 692465.75 | H21: 0 | I21: 0 | J21: 0 | K21: 0 | L21: 0 | M21: 0 | N21: 0 | O21: 0 | P21: 0 | Q21: 63706849 | R21: =R22
D22: 미지급비용 | E22: 692465.75 | F22: 692466 | G22: 692465.75 | H22: 0 | I22: 0 | J22: 0 | K22: 0 | L22: 0 | M22: 0 | N22: 0 | O22: 0 | P22: 0 | Q22: 63706849 | R22: =-가결산전표!H81
B24: 6 | D24: 비유동부채 | E24: 0 | F24: 0 | G24: 0 | H24: 0 | I24: 0 | J24: 0 | K24: 0 | L24: 0 | M24: 0 | N24: 0 | O24: 0 | P24: 0 | Q24: 0 | R24: 0
B25: 7=5+6 | D25: 부채총계 | E25: 692465.75 | F25: 692466 | G25: 692465.75 | H25: 0 | I25: 0 | J25: 0 | K25: 0 | L25: 0 | M25: 0 | N25: 0 | O25: 0 | P25: 0 | Q25: 63706849 | R25: =R21+R24
B28: 8 | D28: 출자금 | E28: 1011000000 | F28: 1011000000 | G28: 2022000000 | H28: 1500000000 | I28: 6066000000 | J28: 6066000000 | K28: 6066000000 | L28: 6066000000 | M28: 6066000000 | N28: 6066000000 | O28: 7582500000 | P28: 7582500000 | Q28: 8716500000 | R28: =-가결산전표!G80
B29: 9 | D29: 결손금 | E29: 665757.75 | F29: 1127016 | G29: 660235.75 | H29: 0 | I29: 63681502 | J29: 63605098 | K29: 127631546 | L29: 127628282 | M29: 127625330 | N29: 128721712 | O29: 192425693 | P29: 192402714 | Q29: 259128120 | R29: =-SUM(IS!$E$24:'IS'!R24)
B31: 10=8-9 | D31: 자본총계 | E31: 1.0103342e+09 | F31: 1009872984 | G31: 2.0213398e+09 | H31: 1500000000 | I31: 6002318498 | J31: 6002394902 | K31: 5938368454 | L31: 5938371718 | M31: 5938374670 | N31: 5937278288 | O31: 7390074307 | P31: 7390097286 | Q31: 8457371880 | R31: =R28-R29
B33: 검증 | E33: -1.3038516e-08 | F33: 0 | G33: -1.3038516e-08 | H33: 0 | I33: =I19-I31-I25 | J33: 0 | K33: 0 | L33: 0 | M33: 0 | N33: 0 | O33: 0 | P33: 0 | Q33: 0 | R33: =R19-R31-R25

Sheet IS
E1: 전기 값복사 | F1: 전기 값복사 | G1: 전기 값복사 | H1: 전기 값복사 | I1: 전기 값복사 | J1: 전기 값복사 | K1: 전기 값복사 | L1: 전기 값복사 | M1: 전기 값복사 | N1: 전기 값복사 | O1: 전기 값복사 | P1: 전기 값복사 | Q1: 전기 값복사
E3: 기준일 | F3: 기준일 | G3: 기준일 | H3: 기준일 | I3: 기준일 | J3: 기준일 | K3: 기준일 | L3: 기준일 | M3: 기준일 | N3: 기준일 | O3: 기준일 | P3: 기준일 | Q3: 기준일 | R3: 기준일
E4: 45637 | F4: 45658 | G4: 45689 | H4: 45717 | I4: 45748 | J4: 45778 | K4: 45809 | L4: 45839 | M4: 45870 | N4: 45901 | O4: 45931 | P4: 45962 | Q4: 45992 | R4: 46023
E5: 45657 | F5: 45688 | G5: 45716 | H5: 45747 | I5: 45777 | J5: 45808 | K5: 45838 | L5: 45869 | M5: 45900 | N5: 45930 | O5: 45961 | P5: 45991 | Q5: 46022 | R5: 46053
B6: 1 | D6: 투자수익 | E6: 0 | F6: 0 | G6: 0 | H6: 0 | I6: 0 | J6: 0 | K6: 0 | L6: 0 | M6: 0 | N6: 0 | O6: 0 | P6: 0 | Q6: 0 | R6: 0
B8: 2 | D8: 운용투자수익 | E8: 0 | F8: 0 | G8: 0 | H8: 0 | I8: 0 | J8: 0 | K8: 0 | L8: 0 | M8: 0 | N8: 0 | O8: 0 | P8: 0 | Q8: 0 | R8: 0
B10: 3 | D10: 기타의 영업수익 | E10: 26708 | F10: 544868 | G10: 466780 | H10: 1389446 | I10: 219314 | J10: 76404 | K10: 14702 | L10: 3264 | M10: 2952 | N10: 3618 | O10: 2868 | P10: 22979 | Q10: 26654 | R10: =가결산전표!F71+가결산전표!F73
B12: 4=1+2+3 | D12: 영업수익 | E12: 26708 | F12: 544868 | G12: 466780 | H12: 234446 | I12: 219314 | J12: 76404 | K12: 14702 | L12: 3264 | M12: 2952 | N12: 3618 | O12: 2868 | P12: 22979 | Q12: 26654 | R12: =R6+R8+R10
B14: 5 | D14: 투자비용 | H14: 0
B16: 6 | D16: 관리보수 | E16: 692465.75 | F16: 0 | H16: 0 | I16: 0 | J16: 0 | K16: 63014384 | L16: 0 | M16: 0 | N16: 0 | O16: 63706849 | P16: 0 | Q16: 63706849 | R16: 0
B17: 7 | D17: 성과보수 | H17: 0
B18: 8 | D18: 수탁보수 | F18: 16126 | H18: 0 | K18: 1026766 | L18: 0 | M18: 0 | N18: 0 | O18: 0 | P18: 0 | Q18: 1842911 | R18: 0
B19: 9 | D19: 감사수수료 | H19: 1155000 | I19: 0 | J19: 0 | K19: 0 | L19: 0 | M19: 0 | N19: 1100000 | O19: 0 | P19: 0 | Q19: 0 | R19: 0
B20: 10 | D20: 기타영업비용 | F20: 990000 | H20: 1155000 | Q20: 1202300 | R20: 0
B22: 11=∑6~10 | D22: 영업비용 | E22: 692465.75 | F22: 1006126 | G22: 0 | H22: 63475026 | I22: 0 | J22: 0 | K22: 64041150 | L22: 0 | M22: 0 | N22: 1100000 | O22: 63706849 | P22: 0 | Q22: 66752060 | R22: =SUM(R16:R20)
B24: 12 | D24: 당기순이익 | E24: -665757.75 | F24: -461258 | G24: 466780 | H24: 234446 | I24: 219314 | J24: 76404 | K24: -64026448 | L24: 3264 | M24: 2952 | N24: -1096382 | O24: -63703981 | P24: 22979 | Q24: -66725406 | R24: =R12-R22

Sheet 계좌내역Scan_202601
A1: r

Sheet 계좌내역Scan_202512

Sheet 계좌내역Scan_202511

Sheet 계좌내역Scan_202510

Sheet 계좌내역Scan_202509

Sheet 계좌내역Scan_202508

Sheet 계좌내역Scan_202507

Sheet 계좌내역Scan_202506

Sheet 계좌내역Scan_202505

Sheet 계좌내역Scan_202504

Sheet 계좌내역Scan_202503
A1: 거래내역조회
A4: 2025년 04월 01일 09시44분45초
A6: 계좌번호 | C6: 317-0029-5632-11 | E6: 예금종류 | G6: 기업자유예금
A7: 예금주명 | C7: 트리거-글로벌PEX투자조합 | E7: 현재통장잔액 | G7: 485,717,184원
A8: 조회시작일 | C8: 2025/03/01 | E8: 조회종료일 | G8: 2025/03/31
A10: 구분 | B10: 거래일자 | C10: 출금금액(원) | D10: 입금금액(원) | E10: 거래후잔액(원) | F10: 거래내용 | G10: 거래기록사항 | H10: 거래점
A11: 1 | B11: 2025/03/31 15:15:27 | C11: 63012492 | E11: 485717184 | F11: NH증권수탁 | G11: 트리거투자파트너스 | H11: 농협 000221
A12: 2 | B12: 2025/03/28 17:04:56 | C12: 1499925000 | E12: 548729676 | F12: NH증권수탁 | G12: （주）저스트그린 | H12: 농협 000221
A13: 3 | B13: 2025/03/26 14:10:43 | D13: 900000000 | E13: 2048654676 | F13: NH증권수탁 | G13: 농식품모태펀 | H13: 농협 000221
A14: 4 | B14: 2025/03/26 10:05:48 | D14: 16500000 | E14: 1148654676 | F14: E-기업은행 | G14: 트리거투자파트너스 | H14: 기업 0034775
A15: 5 | B15: 2025/03/26 09:08:17 | D15: 450000000 | E15: 1132154676 | F15: E-우리은행 | G15: 주식회사러셀파트너 | H15: 우리 0209966
A16: 6 | B16: 2025/03/25 12:17:27 | D16: 150000000 | E16: 682154676 | F16: E-우리은행 | G16: 인앤솔루션(주) | H16: 우리 0205290
A17: 7 | B17: 2025/03/23 11:08:21 | D17: 234446 | E17: 532154676 | F17: 예금이자 | H17: 농협 000676
A18: 8 | B18: 2025/03/21 15:25:51 | C18: 999957000 | E18: 531920230 | F18: NH증권수탁 | G18: （주）퓨어 | H18: 농협 000221
A19: 9 | B19: 2025/03/20 10:17:05 | C19: 1155000 | E19: 1531877230 | F19: NH증권수탁 | G19: 태성회계법인 | H19: 농협 000221
A20: 10 | B20: 2025/03/19 11:00:07 | D20: 11000000 | E20: 1533032230 | F20: E-기업은행 | G20: 트리거투자파트너스 | H20: 기업 0034775
A21: 11 | B21: 2025/03/19 10:37:20 | D21: 100000000 | E21: 1522032230 | F21: E-우리은행 | G21: 인앤솔루션(주) | H21: 우리 0205290
A22: 12 | B22: 2025/03/19 10:19:46 | D22: 600000000 | E22: 1422032230 | F22: NH증권수탁 | G22: 농식품모태펀 | H22: 농협 000221
A23: 13 | B23: 2025/03/19 08:54:38 | D23: 300000000 | E23: 822032230 | F23: E-우리은행 | G23: 주식회사러셀파트너 | H23: 우리 0209966

Sheet 계좌내역Scan_202502
B2: 입출금거래내역
B5: 현재시간 : 2025년 03월 04일 14시 05분 55초
B6: 계좌번호 | E6: 317-0029-5632-11 | H6: 예금종류 | J6: 기업자유예금
B7: 예금주명 | E7: 트리거-글로벌PEX투자조합
B8: 조회기간 | E8: 2025/02/01 ~ 2025/02/28
B9: 현재통화잔액 | E9: 522,032,230원 | H9: 현재지급가능잔액 | J9: 522,032,230원
B11: 전체 | M11: (단위: 원)
B12: 구분 | C12: 거래일자 | D12: 출금금액 | F12: 입금금액 | G12: 거래후잔액 | I12: 거래내용 | K12: 거래기록사항 | N12: 거래점
B13: 1 | C13: 2025/02/25 15:15:58 | D13: 500,000,000원 | G13: 522,032,230원 | I13: NH증권수탁 | K13: 주식회사 제이엘스탠 | N13: 농협 000221
B14: 2 | C14: 2025/02/25 15:15:57 | D14: 1,000,000,000원 | G14: 1,022,032,230원 | I14: NH증권수탁 | K14: 주식회사 제이엘스탠 | N14: 농협 000221
B15: 3 | C15: 2025/02/24 12:48:07 | F15: 300,000,000원 | G15: 2,022,032,230원 | I15: E-우리은행 | K15: 주식회사러셀파트너 | N15: 우리 0209966
B16: 4 | C16: 2025/02/24 12:17:51 | F16: 600,000,000원 | G16: 1,722,032,230원 | I16: NH증권수탁 | K16: 농식품모태펀 | N16: 농협 000221
B17: 5 | C17: 2025/02/24 11:05:26 | F17: 11,000,000원 | G17: 1,122,032,230원 | I17: E-기업은행 | K17: 트리거투자파트너스 | N17: 기업 0034775
B18: 6 | C18: 2025/02/23 09:20:16 | F18: 466,780원 | G18: 1,111,032,230원 | I18: 예금이자 | N18: 농협 000676
B19: 7 | C19: 2025/02/17 14:46:49 | F19: 100,000,000원 | G19: 1,110,565,450원 | I19: E-우리은행 | K19: 인앤솔루션(주) | N19: 우리 0205290
B21: · 고객님이 요청하신 대로 위와 같이 처리되었습니다. · 본 확인증은 고객님의 편의를 위하여 제공되는 것으로 법적 효력은 없습니다. · 농협 인터넷뱅킹을 이용해 주셔서 대단히 감사합니다.

Sheet 계좌내역Scan_202501

Sheet 계좌내역Scan_202412

Sheet 트리거-글로벌PEX투자조합
B1: < 트리거-글로벌PEX투자조합 - 관리보수 내역> | J1: (작성기준일자 : 2025.01.20)
B3: ㅇ 조합 성립일자 : | C3: 45657 | E3: ㅇ 근거: | F3: 규약 제27조
B4: ㅇ 존속기간 : | C4: 2024-12-31 ~ 2032-12-30 (8년) | E4: ㅇ 투자기간 : | F4: 2024-12-31 ~ 2028-12-30 (4년)
B5: ㅇ 출자약정액 총액 : | C5: 10110000000 | E5: ㅇ 성립 시기로 부터 3년이 되는 날(2027.12.30) 까지 약정액*2.5%
G6: 이후(2027.12.31~해산) 투자잔액*2.5%
B8: □ 관리보수(3개년) 약정액*2.5% | K8: (단위 : 원)
B9: 구분 | C9: 기준금액 | D9: 기산일 | E9: 기준일 | F9: 해당일수 | G9: 전체일수 | H9: 보수율 | I9: 보수금액 | J9: 지급일자 | K9: 비고
B10: 3개년 관리보수 (24.12.31 ~ 27.12.30) | C10: 10110000000 | D10: =C3 | E10: 45657 | F10: =E10-D10+1 | G10: 365 | H10: 0.025 | I10: =C10/G10*F10*H10 | J10: 45747 | K10: 약정액 기준
D11: 45658 | E11: 46022 | F11: =E11-D11+1 | G11: 365 | H11: 0.025 | I11: =C10/G11*F11*H11 | J11: 매분기말
C12: (총일수) 1,095일 | D12: 46023 | E12: 46387 | F12: =E12-D12+1 | G12: 365 | H12: 0.025 | I12: =C10/G12*F12*H12 | J12: 매분기말
D13: 46388 | E13: 46751 | F13: =E13-D13+1 | G13: 365 | H13: 0.025 | I13: =C10/G13*F13*H13 | J13: 매분기말
B14: 관리보수 누계 | I14: =SUM(I10:I13)
B15: □ 3개년 이후 관리보수 : 투자잔액*2.5% | K15: (단위 : 원)
B18: 연간 관리보수 | C18: 252750000 | E18: 주식종류 | F18: 투자단가 | H18: 주식수 | I18: 투자금액 | J18: 설립출자금 | K18: 10110000000
B19: 연간 수탁보수 | C19: 5560500 | J19: 투자금액 | K19: 0
B20: 연간 ERP 사용료 | C20: 1980000 | J20: 연간 관리비용 | K20: 263290500
B21: 연간 감사보수 | C21: 3000000
B22: 연간 비용 합계 | C22: =SUM(C18:C21) | E22: 합 계 | J22: 잔여현금 | K22: =K18-K19-K21

Sheet 관리보수 산정근거
